{
  "speech_metrics": {
    "per_phonemes": 0.05670381993290769,
    "per_hams_or_jahr": 0.02030338389731622,
    "per_shidda_or_rakhawa": 0.03570595099183197,
    "per_tafkheem_or_taqeeq": 0.02590431738623104,
    "per_itbaq": 0.013768961493582263,
    "per_safeer": 0.01353558926487748,
    "per_qalqla": 0.015869311551925322,
    "per_tikraar": 0.01796966161026838,
    "per_tafashie": 0.019836639439906652,
    "per_istitala": 0.013768961493582263,
    "per_ghonna": 0.020070011668611436,
    "average_per": 0.02303969170282188
  },
  "qdat_metrics": {
    "qalo_alif_len_rmse": 0.41964345453112645,
    "qalo_waw_len_rmse": 0.5718776312789587,
    "laa_alif_len_rmse": 0.3634218921558155,
    "separate_madd_rmse": 0.7093269021319086,
    "noon_moshaddadah_len_recall_PARTIAL": 0.6829268292682927,
    "noon_moshaddadah_len_recall_COMPLETE": 0.9915254237288136,
    "noon_moshaddadah_len_avg_recall": 0.8372261264985532,
    "noon_moshaddadah_len_precision_PARTIAL": 0.9655172413793104,
    "noon_moshaddadah_len_precision_COMPLETE": 0.9,
    "noon_moshaddadah_len_avg_precision": 0.9327586206896552,
    "noon_moshaddadah_len_f1_PARTIAL": 0.8,
    "noon_moshaddadah_len_f1_COMPLETE": 0.9435483870967742,
    "noon_moshaddadah_len_macro_f1": 0.8717741935483871,
    "noon_moshaddadah_len_accuracy": 0.9119496855345912,
    "noon_mokhfah_len_recall_NOON": 0.44680851063829785,
    "noon_mokhfah_len_recall_PARTIAL": 0.0,
    "noon_mokhfah_len_recall_COMPLETE": 1.0,
    "noon_mokhfah_len_avg_recall": 0.48226950354609927,
    "noon_mokhfah_len_precision_NOON": 1.0,
    "noon_mokhfah_len_precision_PARTIAL": 0.0,
    "noon_mokhfah_len_precision_COMPLETE": 0.5765765765765766,
    "noon_mokhfah_len_avg_precision": 0.5255255255255254,
    "noon_mokhfah_len_f1_NOON": 0.6176470588235294,
    "noon_mokhfah_len_f1_PARTIAL": 0.0,
    "noon_mokhfah_len_f1_COMPLETE": 0.7314285714285714,
    "noon_mokhfah_len_macro_f1": 0.44969187675070027,
    "noon_mokhfah_len_accuracy": 0.6666666666666666,
    "allam_alif_len_rmse": 0.4624245646453283,
    "madd_aared_len_rmse": 0.968042828721433,
    "qalqalah_recall_NO_QALQALH": 0.9655172413793104,
    "qalqalah_recall_HAS_QALQALAH": 0.8811881188118812,
    "qalqalah_avg_recall": 0.9233526800955958,
    "qalqalah_precision_NO_QALQALH": 0.8235294117647058,
    "qalqalah_precision_HAS_QALQALAH": 0.978021978021978,
    "qalqalah_avg_precision": 0.9007756948933419,
    "qalqalah_f1_NO_QALQALH": 0.8888888888888888,
    "qalqalah_f1_HAS_QALQALAH": 0.9270833333333334,
    "qalqalah_macro_f1": 0.9079861111111112,
    "qalqalah_accuracy": 0.9119496855345912
  },
  "qdat_avg_metrics": {
    "per_phonemes": 0.05670381993290769,
    "avg_per": 0.02303969170282188,
    "avg_tajweed_f1": 0.7431507271367329,
    "avg_tajweed_acc": 0.830188679245283,
    "avg_madd_rmse": 0.582456212244095,
    "avg_nromal_madd_rmse": 0.4543418856528072,
    "rmse_madd_aared": 0.968042828721433,
    "rmse_separate_madd": 0.7093269021319086
  }
}