{
  "speech_metrics": {
    "per_phonemes": 0.05778595390109296,
    "per_hams_or_jahr": 0.017036172695449242,
    "per_shidda_or_rakhawa": 0.03103850641773629,
    "per_tafkheem_or_taqeeq": 0.022403733955659276,
    "per_itbaq": 0.011668611435239206,
    "per_safeer": 0.010268378063010501,
    "per_qalqla": 0.011201866977829638,
    "per_tikraar": 0.012602100350058343,
    "per_tafashie": 0.015635939323220535,
    "per_istitala": 0.009334889148191364,
    "per_ghonna": 0.014002333722287048,
    "average_per": 0.01936168054452494
  },
  "qdat_metrics": {
    "qalo_alif_len_rmse": 0.4486177232736354,
    "qalo_waw_len_rmse": 0.45557345160942025,
    "laa_alif_len_rmse": 0.40437855108625176,
    "separate_madd_rmse": 0.6868028197434451,
    "noon_moshaddadah_len_recall_PARTIAL": 0.6585365853658537,
    "noon_moshaddadah_len_recall_COMPLETE": 1.0,
    "noon_moshaddadah_len_avg_recall": 0.8292682926829269,
    "noon_moshaddadah_len_precision_PARTIAL": 1.0,
    "noon_moshaddadah_len_precision_COMPLETE": 0.8939393939393939,
    "noon_moshaddadah_len_avg_precision": 0.946969696969697,
    "noon_moshaddadah_len_f1_PARTIAL": 0.7941176470588235,
    "noon_moshaddadah_len_f1_COMPLETE": 0.944,
    "noon_moshaddadah_len_macro_f1": 0.8690588235294117,
    "noon_moshaddadah_len_accuracy": 0.9119496855345912,
    "noon_mokhfah_len_recall_NOON": 0.46808510638297873,
    "noon_mokhfah_len_recall_PARTIAL": 0.0,
    "noon_mokhfah_len_recall_COMPLETE": 0.984375,
    "noon_mokhfah_len_avg_recall": 0.48415336879432624,
    "noon_mokhfah_len_precision_NOON": 1.0,
    "noon_mokhfah_len_precision_PARTIAL": 0.0,
    "noon_mokhfah_len_precision_COMPLETE": 0.5675675675675675,
    "noon_mokhfah_len_avg_precision": 0.5225225225225225,
    "noon_mokhfah_len_f1_NOON": 0.6376811594202898,
    "noon_mokhfah_len_f1_PARTIAL": 0.0,
    "noon_mokhfah_len_f1_COMPLETE": 0.72,
    "noon_mokhfah_len_macro_f1": 0.45256038647342994,
    "noon_mokhfah_len_accuracy": 0.6729559748427673,
    "allam_alif_len_rmse": 0.5494422557947561,
    "madd_aared_len_rmse": 1.0340127610127,
    "qalqalah_recall_NO_QALQALH": 0.9655172413793104,
    "qalqalah_recall_HAS_QALQALAH": 0.9504950495049505,
    "qalqalah_avg_recall": 0.9580061454421305,
    "qalqalah_precision_NO_QALQALH": 0.9180327868852459,
    "qalqalah_precision_HAS_QALQALAH": 0.9795918367346939,
    "qalqalah_avg_precision": 0.9488123118099698,
    "qalqalah_f1_NO_QALQALH": 0.9411764705882353,
    "qalqalah_f1_HAS_QALQALAH": 0.964824120603015,
    "qalqalah_macro_f1": 0.9530002955956252,
    "qalqalah_accuracy": 0.9559748427672956
  },
  "qdat_avg_metrics": {
    "per_phonemes": 0.05778595390109296,
    "avg_per": 0.01936168054452494,
    "avg_tajweed_f1": 0.7582065018661556,
    "avg_tajweed_acc": 0.8469601677148848,
    "avg_madd_rmse": 0.5964712604200347,
    "avg_nromal_madd_rmse": 0.4645029954410159,
    "rmse_madd_aared": 1.0340127610127,
    "rmse_separate_madd": 0.6868028197434451
  }
}