{
  "speech_metrics": {
    "per_phonemes": 0.05778595390109296,
    "per_hams_or_jahr": 0.017036172695449242,
    "per_shidda_or_rakhawa": 0.03103850641773629,
    "per_tafkheem_or_taqeeq": 0.022403733955659276,
    "per_itbaq": 0.011668611435239206,
    "per_safeer": 0.010268378063010501,
    "per_qalqla": 0.011201866977829638,
    "per_tikraar": 0.012602100350058343,
    "per_tafashie": 0.015635939323220535,
    "per_istitala": 0.009334889148191364,
    "per_ghonna": 0.014002333722287048,
    "average_per": 0.01936168054452494
  },
  "qdat_metrics": {
    "qalo_alif_len_rmse": 0.4486177232736354,
    "qalo_waw_len_rmse": 0.45557345160942025,
    "laa_alif_len_rmse": 0.40437855108625176,
    "separate_madd_rmse": 0.6868028197434451,
    "noon_moshaddadah_len_recall_PARTIAL": 0.6585365853658537,
    "noon_moshaddadah_len_recall_COMPLETE": 1.0,
    "noon_moshaddadah_len_avg_recall": 0.8292682926829269,
    "noon_moshaddadah_len_precision_PARTIAL": 1.0,
    "noon_moshaddadah_len_precision_COMPLETE": 0.8939393939393939,
    "noon_moshaddadah_len_avg_precision": 0.946969696969697,
    "noon_moshaddadah_len_f1_PARTIAL": 0.7941176470588235,
    "noon_moshaddadah_len_f1_COMPLETE": 0.944,
    "noon_moshaddadah_len_macro_f1": 0.8690588235294117,
    "noon_moshaddadah_len_accuracy": 0.9119496855345912,
    "noon_mokhfah_len_recall_NOON": 0.46808510638297873,
    "noon_mokhfah_len_recall_PARTIAL": 0.0,
    "noon_mokhfah_len_recall_COMPLETE": 0.984375,
    "noon_mokhfah_len_avg_recall": 0.48415336879432624,
    "noon_mokhfah_len_precision_NOON": 1.0,
    "noon_mokhfah_len_precision_PARTIAL": 0.0,
    "noon_mokhfah_len_precision_COMPLETE": 0.5675675675675675,
    "noon_mokhfah_len_avg_precision": 0.5225225225225225,
    "noon_mokhfah_len_f1_NOON": 0.6376811594202898,
    "noon_mokhfah_len_f1_PARTIAL": 0.0,
    "noon_mokhfah_len_f1_COMPLETE": 0.72,
    "noon_mokhfah_len_macro_f1": 0.45256038647342994,
    "noon_mokhfah_len_accuracy": 0.6729559748427673,
    "allam_alif_len_rmse": 0.5494422557947561,
    "madd_aared_len_rmse": 1.0340127610127,
    "qalqalah_recall_NO_QALQALH": 0.9655172413793104,
    "qalqalah_recall_HAS_QALQALAH": 0.9504950495049505,
    "qalqalah_avg_recall": 0.9580061454421305,
    "qalqalah_precision_NO_QALQALH": 0.9180327868852459,
    "qalqalah_precision_HAS_QALQALAH": 0.9795918367346939,
    "qalqalah_avg_precision": 0.9488123118099698,
    "qalqalah_f1_NO_QALQALH": 0.9411764705882353,
    "qalqalah_f1_HAS_QALQALAH": 0.964824120603015,
    "qalqalah_macro_f1": 0.9530002955956252,
    "qalqalah_accuracy": 0.9559748427672956
  },
  "qdat_avg_metrics": {
    "per_phonemes": 0.05778595390109296,
    "avg_per": 0.01936168054452494,
    "avg_tajweed_f1": 0.7582065018661556,
    "avg_tajweed_acc": 0.8469601677148848,
    "avg_madd_rmse": 0.5964712604200347,
    "avg_nromal_madd_rmse": 0.4645029954410159,
    "rmse_madd_aared": 1.0340127610127,
    "rmse_separate_madd": 0.6868028197434451
  },
  "bootstrapped_speech_metrics": {
    "average_per_mean": 0.019743010011299165,
    "average_per_std": 0.003229991711621413,
    "per_ghonna_mean": 0.013933057092068152,
    "per_ghonna_std": 0.0035680980328042554,
    "per_hams_or_jahr_mean": 0.017185032835867795,
    "per_hams_or_jahr_std": 0.0032766493531324725,
    "per_istitala_mean": 0.009407484358818127,
    "per_istitala_std": 0.002629181889221872,
    "per_itbaq_mean": 0.011855647609497099,
    "per_itbaq_std": 0.0031712593424907997,
    "per_phonemes_mean": 0.06031328546899881,
    "per_phonemes_std": 0.005275040587504302,
    "per_qalqla_mean": 0.011222594568896889,
    "per_qalqla_std": 0.002598452151271039,
    "per_safeer_mean": 0.010340517177385534,
    "per_safeer_std": 0.002800191829313811,
    "per_shidda_or_rakhawa_mean": 0.03152594787799732,
    "per_shidda_or_rakhawa_std": 0.004992841865791983,
    "per_tafashie_mean": 0.015901523007703876,
    "per_tafashie_std": 0.0034807998699294164,
    "per_tafkheem_or_taqeeq_mean": 0.02266339306291594,
    "per_tafkheem_or_taqeeq_std": 0.004397219195366428,
    "per_tikraar_mean": 0.01282462706414127,
    "per_tikraar_std": 0.0026894054339155165
  },
  "bootstrapped_qdat_metrics": {
    "allam_alif_len_rmse_mean": 0.5575051180243712,
    "allam_alif_len_rmse_std": 0.07485410954820333,
    "laa_alif_len_rmse_mean": 0.4064929496851111,
    "laa_alif_len_rmse_std": 0.0712597169872487,
    "madd_aared_len_rmse_mean": 1.0250841369980004,
    "madd_aared_len_rmse_std": 0.07238955673383872,
    "noon_mokhfah_len_accuracy_mean": 0.671572327044025,
    "noon_mokhfah_len_accuracy_std": 0.03755280553556059,
    "noon_mokhfah_len_accuracy_COMPLETE_mean": 0.6877987421383648,
    "noon_mokhfah_len_accuracy_COMPLETE_std": 0.037646855229022023,
    "noon_mokhfah_len_accuracy_NOON_mean": 0.6847798742138366,
    "noon_mokhfah_len_accuracy_NOON_std": 0.03768634068882859,
    "noon_mokhfah_len_accuracy_PARTIAL_mean": 0.9705660377358488,
    "noon_mokhfah_len_accuracy_PARTIAL_std": 0.01260625893470948,
    "noon_mokhfah_len_avg_precision_mean": 0.5205571039722956,
    "noon_mokhfah_len_avg_precision_std": 0.015269305396818466,
    "noon_mokhfah_len_avg_recall_mean": 0.48468794117753916,
    "noon_mokhfah_len_avg_recall_std": 0.018465412542480776,
    "noon_mokhfah_len_f1_COMPLETE_mean": 0.7134142722654069,
    "noon_mokhfah_len_f1_COMPLETE_std": 0.03708676257437442,
    "noon_mokhfah_len_f1_NOON_mean": 0.6395101123689183,
    "noon_mokhfah_len_f1_NOON_std": 0.050382574468904116,
    "noon_mokhfah_len_f1_PARTIAL_mean": 0.0,
    "noon_mokhfah_len_f1_PARTIAL_std": 0.0,
    "noon_mokhfah_len_macro_f1_mean": 0.45097479487810843,
    "noon_mokhfah_len_macro_f1_std": 0.02592179691216087,
    "noon_mokhfah_len_precision_COMPLETE_mean": 0.5616713119168866,
    "noon_mokhfah_len_precision_COMPLETE_std": 0.045807916190455406,
    "noon_mokhfah_len_precision_NOON_mean": 1.0,
    "noon_mokhfah_len_precision_NOON_std": 0.0,
    "noon_mokhfah_len_precision_PARTIAL_mean": 0.0,
    "noon_mokhfah_len_precision_PARTIAL_std": 0.0,
    "noon_mokhfah_len_recall_COMPLETE_mean": 0.9820109213110878,
    "noon_mokhfah_len_recall_COMPLETE_std": 0.016518088961554156,
    "noon_mokhfah_len_recall_NOON_mean": 0.4720529022215296,
    "noon_mokhfah_len_recall_NOON_std": 0.05393984456118383,
    "noon_mokhfah_len_recall_PARTIAL_mean": 0.0,
    "noon_mokhfah_len_recall_PARTIAL_std": 0.0,
    "noon_moshaddadah_len_accuracy_mean": 0.9113207547169812,
    "noon_moshaddadah_len_accuracy_std": 0.02215586786642583,
    "noon_moshaddadah_len_accuracy_COMPLETE_mean": 0.9113207547169812,
    "noon_moshaddadah_len_accuracy_COMPLETE_std": 0.02215586786642583,
    "noon_moshaddadah_len_accuracy_PARTIAL_mean": 0.9113207547169812,
    "noon_moshaddadah_len_accuracy_PARTIAL_std": 0.02215586786642583,
    "noon_moshaddadah_len_avg_precision_mean": 0.9463979806746721,
    "noon_moshaddadah_len_avg_precision_std": 0.013393234622213179,
    "noon_moshaddadah_len_avg_recall_mean": 0.830224849511714,
    "noon_moshaddadah_len_avg_recall_std": 0.036060725612421976,
    "noon_moshaddadah_len_f1_COMPLETE_mean": 0.943149381914505,
    "noon_moshaddadah_len_f1_COMPLETE_std": 0.01503356467005408,
    "noon_moshaddadah_len_f1_PARTIAL_mean": 0.793209161013384,
    "noon_moshaddadah_len_f1_PARTIAL_std": 0.05305168876438593,
    "noon_moshaddadah_len_macro_f1_mean": 0.8681792714639446,
    "noon_moshaddadah_len_macro_f1_std": 0.032394396862783996,
    "noon_moshaddadah_len_precision_COMPLETE_mean": 0.8927959613493444,
    "noon_moshaddadah_len_precision_COMPLETE_std": 0.026786469244426365,
    "noon_moshaddadah_len_precision_PARTIAL_mean": 1.0,
    "noon_moshaddadah_len_precision_PARTIAL_std": 0.0,
    "noon_moshaddadah_len_recall_COMPLETE_mean": 1.0,
    "noon_moshaddadah_len_recall_COMPLETE_std": 0.0,
    "noon_moshaddadah_len_recall_PARTIAL_mean": 0.6604496990234283,
    "noon_moshaddadah_len_recall_PARTIAL_std": 0.07212145122484395,
    "qalo_alif_len_rmse_mean": 0.45038944131382636,