{
  "speech_metrics": {
    "per_phonemes": 0.05389027161562601,
    "per_hams_or_jahr": 0.01866977829638273,
    "per_shidda_or_rakhawa": 0.03500583430571762,
    "per_tafkheem_or_taqeeq": 0.023337222870478413,
    "per_itbaq": 0.014002333722287048,
    "per_safeer": 0.014469078179696617,
    "per_qalqla": 0.017269544924154025,
    "per_tikraar": 0.018203033838973162,
    "per_tafashie": 0.017036172695449242,
    "per_istitala": 0.014002333722287048,
    "per_ghonna": 0.0191365227537923,
    "average_per": 0.022274738811349473
  },
  "qdat_metrics": {
    "qalo_alif_len_rmse": 0.38033417944002146,
    "qalo_waw_len_rmse": 0.45557345160942025,
    "laa_alif_len_rmse": 0.4120816918460671,
    "separate_madd_rmse": 0.7093269021319086,
    "noon_moshaddadah_len_recall_PARTIAL": 0.8048780487804879,
    "noon_moshaddadah_len_recall_COMPLETE": 1.0,
    "noon_moshaddadah_len_avg_recall": 0.9024390243902439,
    "noon_moshaddadah_len_precision_PARTIAL": 1.0,
    "noon_moshaddadah_len_precision_COMPLETE": 0.9365079365079365,
    "noon_moshaddadah_len_avg_precision": 0.9682539682539683,
    "noon_moshaddadah_len_f1_PARTIAL": 0.8918918918918919,
    "noon_moshaddadah_len_f1_COMPLETE": 0.9672131147540983,
    "noon_moshaddadah_len_macro_f1": 0.9295525033229951,
    "noon_moshaddadah_len_accuracy": 0.949685534591195,
    "noon_mokhfah_len_recall_NOON": 0.5106382978723404,
    "noon_mokhfah_len_recall_PARTIAL": 0.0,
    "noon_mokhfah_len_recall_COMPLETE": 1.0,
    "noon_mokhfah_len_avg_recall": 0.5035460992907801,
    "noon_mokhfah_len_precision_NOON": 1.0,
    "noon_mokhfah_len_precision_PARTIAL": 0.0,
    "noon_mokhfah_len_precision_COMPLETE": 0.6037735849056604,
    "noon_mokhfah_len_avg_precision": 0.5345911949685535,
    "noon_mokhfah_len_f1_NOON": 0.676056338028169,
    "noon_mokhfah_len_f1_PARTIAL": 0.0,
    "noon_mokhfah_len_f1_COMPLETE": 0.7529411764705882,
    "noon_mokhfah_len_macro_f1": 0.47633250483291906,
    "noon_mokhfah_len_accuracy": 0.7044025157232704,
    "allam_alif_len_rmse": 0.5827715174143585,
    "madd_aared_len_rmse": 1.006269653896112,
    "qalqalah_recall_NO_QALQALH": 0.8448275862068966,
    "qalqalah_recall_HAS_QALQALAH": 0.9801980198019802,
    "qalqalah_avg_recall": 0.9125128030044384,
    "qalqalah_precision_NO_QALQALH": 0.9607843137254902,
    "qalqalah_precision_HAS_QALQALAH": 0.9166666666666666,
    "qalqalah_avg_precision": 0.9387254901960784,
    "qalqalah_f1_NO_QALQALH": 0.8990825688073395,
    "qalqalah_f1_HAS_QALQALAH": 0.9473684210526315,
    "qalqalah_macro_f1": 0.9232254949299855,
    "qalqalah_accuracy": 0.9308176100628931
  },
  "qdat_avg_metrics": {
    "per_phonemes": 0.05389027161562601,
    "avg_per": 0.022274738811349473,
    "avg_tajweed_f1": 0.7763701676952999,
    "avg_tajweed_acc": 0.8616352201257861,
    "avg_madd_rmse": 0.5910595660563146,
    "avg_nromal_madd_rmse": 0.4576902100774668,
    "rmse_madd_aared": 1.006269653896112,
    "rmse_separate_madd": 0.7093269021319086
  }
}